Index, MSE, SSIM, MS_SSIM, PSNR, VIFP, UQI
1,372.5484440267335,0.6845477432958642,0.8977360392184058,22.4189760699,0.20720735770993334,0.971502940777392
