Avg time per img, Total time, width, height, interp img num
0.000794887542725,0.000794887542725,420,380,1
