Index, MSE, SSIM, MS_SSIM, PSNR, VIFP, UQI
1,189.94677955059234,0.832133264873165,0.9505695063327629,25.3444842615,0.34582827255131504,0.9834039682295109
