Index, MSE, SSIM, MS_SSIM, PSNR, VIFP, UQI
1,33.56729166666667,0.8999475207019896,0.9765012316746972,32.8716405869,0.4827880410483121,0.9943978319505261
