Avg time per img, Total time, width, height, interp img num
0.000112404542811,0.00955438613892,512,512,85
