Index, MSE, SSIM, MS_SSIM, PSNR, VIFP, UQI
1,182.77810763888888,0.8671788193290461,0.9675959177525859,25.5115618425,0.38982047422531346,0.9857715666762145
