Index, MSE, SSIM, MS_SSIM, PSNR, VIFP, UQI
1,0.6830762227376302,0.9985494815817354,0.9995224362970995,49.7861119267,0.7630744258768459,0.9999429791260669
