Index, MSE, SSIM, MS_SSIM, PSNR, VIFP, UQI
1,2.192245680930189,0.9930997798721005,0.999000170745474,44.7219113775,0.8888766902042038,0.9995286570381811
