Index, MSE, SSIM, MS_SSIM, PSNR, VIFP, UQI
1,98.64487955729167,0.9162638969339022,0.9483762447638774,28.1900581398,0.6025833624751339,0.9954161219052463
