Index, MSE, SSIM, MS_SSIM, PSNR, VIFP, UQI
1,165.07449213663736,0.8330094898479592,0.8485124469952658,25.9540039106,0.18633029719995353,0.9870151640217187
3,4.403423309326172,0.9845971755956434,0.9929320330371862,41.6928992386,0.6853905196525695,0.9997883315601156
5,3.5963058471679688,0.9893743090569034,0.9957430100013837,42.5722374174,0.7495930058826885,0.999824082214681
7,3.1354751586914062,0.99055519086918,0.996832164634979,43.1677699651,0.7674252066118449,0.9998477297970235
9,2.8444951375325522,0.9908882049929325,0.9971491388241079,43.5907516516,0.7665838328105883,0.9998753261197072
11,2.5412584940592446,0.9917277328388838,0.997536344871244,44.0803151761,0.7750976918762618,0.9998894812963038
13,2.514354705810547,0.9918959623874294,0.9974119902597951,44.1265381627,0.7762347699896596,0.9998861777119975
15,2.3606440226236978,0.99213356803115,0.9975778204283059,44.4004985904,0.7750654001842024,0.9998933149964634
