Index, MSE, SSIM, MS_SSIM, PSNR, VIFP, UQI
1,50.745263671875,0.8750370364155904,0.9687201188854199,31.0768484743,0.4648655422265107,0.9831557099754255
