Index, MSE, SSIM, MS_SSIM, PSNR, VIFP, UQI
1,979.7903428819444,0.48356973746089754,0.7245065962456347,18.2194720627,0.11808749330566382,0.9190379439511088
