Index, MSE, SSIM, MS_SSIM, PSNR, VIFP, UQI
1,150.1762348090278,0.8565126495495331,0.9611296519113994,26.3647914929,0.4348844696611269,0.9667388919387551
