Index, MSE, SSIM, MS_SSIM, PSNR, VIFP, UQI
1,18.108492838541668,0.9470634375914786,0.9896721122288101,35.5519805518,0.6059626761231348,0.9970995489178063
