Avg time per img, Total time, width, height, interp img num
0.000105305323525,0.0132684707642,512,512,126
