Index, MSE, SSIM, MS_SSIM, PSNR, VIFP, UQI
1,190.39523569742838,0.7127898680729717,0.6610044254205859,25.3342428413,0.061522030420101105,0.9865537158961297
3,3.3646647135416665,0.9876332260962174,0.9938473410943461,42.8613856729,0.7448989681188006,0.9998144123763545
5,2.6687088012695312,0.992211295596988,0.9964980527689278,43.8677917296,0.8134227001923892,0.9998363872857857
7,1.5655771891276042,0.9942309766700014,0.9980333289920243,46.1840587596,0.8480658921841568,0.9999129216165062
9,1.2862879435221355,0.9951238249735764,0.9984269125838545,47.0374216189,0.8542123455457151,0.999927509840827
11,1.2200775146484375,0.9953044203500964,0.9984887757193908,47.2669293748,0.8583781028397596,0.9999285069321843
13,1.601122538248698,0.9946690119942342,0.9982389256652381,46.0865578994,0.8507343807878738,0.9999071748396617
15,1.633623758951823,0.9945349731630063,0.9982342998207943,45.9992831983,0.8461000841785938,0.9999051400970069
