Index, MSE, SSIM, MS_SSIM, PSNR, VIFP, UQI
1,0.283101517212796,1.033954807442685,1.0232347872877947,1.2760486833916684,0.594078669358562,1.0295716037566363
3,0.10531763131808075,1.111529634235565,1.0857264271249065,1.2954383131580578,2.52792498425458,1.0018344048987813
5,0.1358057005240608,1.0639488465171019,1.052233885146879,1.2463513073082444,1.9820502274218519,1.0011242907455162
7,0.09414124045738198,1.050999514946441,1.044179377325279,1.2856812377692657,1.8185894355708117,1.0010915750277576
9,0.08478331090220088,1.0462370642862637,1.0402340576445535,1.29506446219044,1.7506917212548943,1.0010119896500353
11,0.08832181753462955,1.0414207270745355,1.036170815753175,1.2869590536938404,1.6502719524292506,1.0009273812997264
13,0.11671580597487519,1.0395866178426696,1.0350668378732844,1.2537880232480771,1.6330389308516686,1.0009063767502757
15,0.11803785067830691,1.038029465239774,1.034540749801691,1.2527209806563666,1.6088375762979386,1.0009016720662667