Index, MSE, SSIM, MS_SSIM, PSNR, VIFP, UQI
1,4.412746257590736,0.9741365270388488,0.9971703530144327,41.6837140557,0.7139965933739733,0.9993554916115928
