Index, MSE, SSIM, MS_SSIM, PSNR, VIFP, UQI
1,2.68288671562397,0.9919064419921586,0.9988229024399581,43.8447802581,0.8701839014552021,0.999480572997017
