Index, MSE, SSIM, MS_SSIM, PSNR, VIFP, UQI
1,237.66295030381946,0.6584716792217804,0.8125480333681029,24.371188768,0.26162848876342476,0.9622721276675189
