Avg time per img, Total time, width, height, interp img num
0.000754117965698,0.000754117965698,640,480,1
