Index, MSE, SSIM, MS_SSIM, PSNR, VIFP, UQI
1,390.16810546875,0.7264866306890295,0.8591920460298179,22.2182859603,0.2788517659104624,0.9633467287295527
