Index, MSE, SSIM, MS_SSIM, PSNR, VIFP, UQI
1,25.278981605705408,0.9111221503216895,0.9845970567457979,34.1032078698,0.5506411801723065,0.9926989990796727
