Index, MSE, SSIM, MS_SSIM, PSNR, VIFP, UQI
1,191.27052561442056,0.8182297995701026,0.8149364386965565,25.3143230955,0.17216023233751285,0.9859505198287682
3,4.087196350097656,0.9862067009638772,0.9933858699147219,42.0165485902,0.7012774336044116,0.999801100885828
5,3.5566787719726562,0.9897591075463663,0.9954890618624991,42.6203571802,0.7509331729764962,0.9998265168134645
7,3.022327423095703,0.9913096651903578,0.9966510072171831,43.3273884913,0.7776842732302919,0.9998517243072992
9,2.777996063232422,0.9917792618771294,0.9970573578539175,43.6934873492,0.7788274898835482,0.9998758390029469
11,2.674170176188151,0.9922711533386465,0.9973170068975205,43.8589131986,0.783190935299626,0.9998821839899946
13,2.7835057576497397,0.99226278582564,0.9971838325835252,43.6848823689,0.7829584880369937,0.9998762317862271
15,2.6565284729003906,0.9925227336224255,0.9974335551667417,43.8876588579,0.7818060190792805,0.999883120065047
