Index, MSE, SSIM, MS_SSIM, PSNR, VIFP, UQI
1,84.48209115944076,0.8065049384182469,0.922272124558257,28.8631570559,0.3813194495508851,0.9910260277178873
