Index, MSE, SSIM, MS_SSIM, PSNR, VIFP, UQI
1,524.3132108052572,0.7033507581044436,0.6359968425090705,20.9348956036,0.06827281057176565,0.9659147054610248
3,36.02320988972982,0.8740136597662979,0.9080723018637937,32.5649795235,0.2593970554873299,0.9977756790302035
