Avg time per img, Total time, width, height, interp img num
0.000140581812177,0.00196814537048,512,512,14
