Index, MSE, SSIM, MS_SSIM, PSNR, VIFP, UQI
1,63.7844921875,0.9590867954270698,0.9903630521407507,30.0836525857,0.6526628856264103,0.9945955374854679
