Index, MSE, SSIM, MS_SSIM, PSNR, VIFP, UQI
1,40.01119486419056,0.9251423703439006,0.9820507148751957,32.1089883985,0.4978640972043797,0.9971181295163037
