Index, MSE, SSIM, MS_SSIM, PSNR, VIFP, UQI
1,191.23262368780303,0.7366751564068889,0.9011016869667862,25.3151837733,0.21991845866209705,0.9886768783177834
