Avg time per img, Total time, width, height, interp img num
0.000422954559326,0.000422954559326,584,388,1
