Index, MSE, SSIM, MS_SSIM, PSNR, VIFP, UQI
1,6.791532118055556,0.9841434644594527,0.997034002511365,39.81112602,0.8104381889775749,0.9989711165964524
