Index, MSE, SSIM, MS_SSIM, PSNR, VIFP, UQI
1,76.3872157887304,0.8918059975278031,0.9739814182638903,29.3005968,0.4162671286320756,0.995199135561038
