Index, MSE, SSIM, MS_SSIM, PSNR, VIFP, UQI
1,33.92615655745422,0.933294204130739,0.9815454714387548,32.82545699,0.5488774587422808,0.9968214676140761
