Avg time per img, Total time, width, height, interp img num
0.000304937362671,0.000304937362671,584,388,1
