Index, MSE, SSIM, MS_SSIM, PSNR, VIFP, UQI
1,460.8406567653146,0.9517933706616923,0.9735530008838997,21.4952957398,1.1866296196980304,0.928115786319208
