Index, MSE, SSIM, MS_SSIM, PSNR, VIFP, UQI
1,530.6717999776205,0.7095017561011128,0.7008746543876477,20.8825435113,0.4262259294203652,0.9658602375323783
3,40.83587900797526,0.8758466101865623,0.9142436369869351,32.0203845249,0.5325314128894947,0.9978469663660178
