Index, MSE, SSIM, MS_SSIM, PSNR, VIFP, UQI
1,15.759086816833781,0.9526307367167309,0.9885778051203592,36.1554931281,0.646009937035971,0.9978928735361926
