Index, MSE, SSIM, MS_SSIM, PSNR, VIFP, UQI
1,71.60459526909722,0.8303155088183587,0.9213755436544078,29.5813946655,0.5252146040026303,0.9894503854327151
