Index, MSE, SSIM, MS_SSIM, PSNR, VIFP, UQI
1,25.676747928729466,0.9485152510765321,0.9871446360142427,34.0354034326,0.603637377647816,0.9974530614587591
