Index, MSE, SSIM, MS_SSIM, PSNR, VIFP, UQI
1,209.757861328125,0.6730260631445105,0.845345338842921,24.9136211453,0.22269407627495838,0.9528629933939835
