Index, MSE, SSIM, MS_SSIM, PSNR, VIFP, UQI
1,254.29072630831695,0.9714911773606133,0.9792855515682322,24.0774983863,1.0914192935811586,0.9716777571881859
