Index, MSE, SSIM, MS_SSIM, PSNR, VIFP, UQI
1,5.7507985432942705,0.99802221864388,0.999495099714288,40.5335220681,0.9442200458993818,0.9998391908405498
