Index, MSE, SSIM, MS_SSIM, PSNR, VIFP, UQI
1,123.54517035590278,0.8930852750442022,0.9784545834628661,27.212545883,0.45161485605661394,0.9903579512975984
