Index, MSE, SSIM, MS_SSIM, PSNR, VIFP, UQI
1,6.957703714164666,0.9610038797795224,0.9960043932535256,39.7061443,0.6526376683469329,0.998857246376518
