Index, MSE, SSIM, MS_SSIM, PSNR, VIFP, UQI
1,136.055419921875,0.8235101363725509,0.9652244501122677,26.7936451379,0.37450628105095635,0.9874109960255056
