Index, MSE, SSIM, MS_SSIM, PSNR, VIFP, UQI
1,30.941489800347224,0.9594015079056817,0.9918260251723645,33.2253914018,0.5641139892138017,0.998231787803873
