Index, MSE, SSIM, MS_SSIM, PSNR, VIFP, UQI
1,155.56845864661653,0.8347932496575687,0.962355436899168,26.2115881207,0.39100414072814466,0.9894772031101168
