Index, MSE, SSIM, MS_SSIM, PSNR, VIFP, UQI
1,72.65294162326389,0.8789624204448612,0.9619119353091886,29.5182715786,0.4173970160102365,0.9927528588211872
