Index, MSE, SSIM, MS_SSIM, PSNR, VIFP, UQI
1,22.47578320802005,0.9405361563385197,0.99144470758884,34.6136552645,0.5883847871227811,0.9966739265179353
