Index, MSE, SSIM, MS_SSIM, PSNR, VIFP, UQI
1,4.645480275855576,0.9745873980321846,0.997475288106558,41.4604974041,0.740918070695663,0.9991985764603202
