Index, MSE, SSIM, MS_SSIM, PSNR, VIFP, UQI
1,114.40979532163743,0.8247718318174049,0.9699744937896289,27.5461715221,0.35629714644131355,0.9880409530064314
