Index, MSE, SSIM, MS_SSIM, PSNR, VIFP, UQI
1,427.2048676215278,0.9037849882738215,0.9444207950101131,21.8244416842,0.6601848348084602,0.9789056177625101
