Avg time per img, Total time, width, height, interp img num
0.000292062759399,0.000292062759399,640,480,1
