Index, MSE, SSIM, MS_SSIM, PSNR, VIFP, UQI
1,103.7652615017361,0.8906868654537582,0.9512374824290206,27.9702837598,0.4295492754508741,0.9948107611365534
