Index, MSE, SSIM, MS_SSIM, PSNR, VIFP, UQI
1,36.608745659722224,0.9216320112037074,0.9808682523580696,32.4949551214,0.5401214652818439,0.989310345024368
