Avg time per img, Total time, width, height, interp img num
0.000475883483887,0.000475883483887,640,480,1
