Index, MSE, SSIM, MS_SSIM, PSNR, VIFP, UQI
1,837.4070692274306,0.5709838270463952,0.8132696365466646,18.9014373807,0.16565886321653808,0.932156702276053
