Index, MSE, SSIM, MS_SSIM, PSNR, VIFP, UQI
1,162.05794270833334,0.8232534485189601,0.8411907647375572,26.0341003954,0.19483078395694067,0.9874029016023993
3,3.3342056274414062,0.985253364998438,0.9923767755487233,42.900879807,0.7144203481222132,0.9998189806024328
5,2.0023701985677085,0.9924323863278882,0.9963684527530778,45.1153598786,0.8011208045984676,0.9998857097635881
7,1.5497385660807292,0.9939067938690064,0.9975340538204257,46.2282192004,0.8280366279907835,0.999905328920094
9,1.1841506958007812,0.9943627802847154,0.9979177702373676,47.3967338636,0.8316461983264823,0.9999376724160899
11,1.0889676411946614,0.9945699071736294,0.9980693015899091,47.7606538603,0.83298256669565,0.9999427795851941
13,1.337249755859375,0.9940295388697322,0.9976880802577577,46.8686783359,0.8256180433793362,0.9999298625515798
15,1.2501182556152344,0.9941224202780896,0.9977926935392462,47.1612926359,0.8236928285766879,0.9999335463629433
