Index, MSE, SSIM, MS_SSIM, PSNR, VIFP, UQI
1,0.24096637339194305,1.1941904605647475,1.30216322330523,1.3112994827175184,1.8813555419557066,1.0304578175282777
3,0.10436422910023652,1.108851224816309,1.0841199109028639,1.2966319799902175,2.4244912727412538,1.001838982354355
5,0.10189695008898274,1.0641859222580865,1.0520970363815314,1.2817966336434905,1.9520744535051846,1.0011736767563033
7,0.0931888328526183,1.0506568219761006,1.0436570171769257,1.2869105851179625,1.7756387537900429,1.0010839733814085
9,0.0780511215258914,1.0454369295280734,1.0397035959729684,1.3049572773772713,1.7044428379141938,1.0010221632472047
11,0.07883073013965408,1.040652181059224,1.0357355110592197,1.3004019239003262,1.6014478493016444,1.000941668210343
13,0.09748047342806739,1.0389182671705506,1.0344956701904595,1.2750656642939064,1.5848265184761834,1.0009290871339032
15,0.09032757461927209,1.0375988699745806,1.0340830820039486,1.2843665520868366,1.5662307553459514,1.0009301066426408