Avg time per img, Total time, width, height, interp img num
0.000167614322598,0.0593354701996,1318,927,354
