Index, MSE, SSIM, MS_SSIM, PSNR, VIFP, UQI
1,65.83654405381944,0.9018709732200386,0.9743199856529415,29.9461333541,0.4614919425465598,0.9916110769202389
