Index, MSE, SSIM, MS_SSIM, PSNR, VIFP, UQI
1,2.722914377848307,0.997678515104282,0.9993957777498432,43.7804637572,0.6627416569924778,0.9968552176296969
