Index, MSE, SSIM, MS_SSIM, PSNR, VIFP, UQI
1,654.6437810262045,0.8879799701669633,0.842541069929277,19.9707531434,0.6721878270214258,0.9772707220224293
