Index, MSE, SSIM, MS_SSIM, PSNR, VIFP, UQI
1,29.197896321614582,0.9663886994111116,0.9722142425815793,33.4772879876,0.45311970801622453,0.9976486276044879
