Index, MSE, SSIM, MS_SSIM, PSNR, VIFP, UQI
1,126.69175425701937,0.9844316168928513,0.9950430971695365,27.1033201116,0.6606129557271925,0.9850103897720449
