Index, MSE, SSIM, MS_SSIM, PSNR, VIFP, UQI
1,4.220940907796224,0.9980183402569279,0.9995312209337034,41.8767108869,0.7168953192104818,0.9998634624230154
