Index, MSE, SSIM, MS_SSIM, PSNR, VIFP, UQI
1,581.9974644978842,0.7194880549948529,0.7711394525368094,20.4815926824,0.12084156567782363,0.9545723910430689
3,42.36926396687826,0.8792136566695223,0.9199227795428309,31.8602944131,0.3194687876474825,0.9918311910465198
