Index, MSE, SSIM, MS_SSIM, PSNR, VIFP, UQI
1,1.0986160448298254,1.0597655545023597,1.2135973999350966,0.9794264999379727,1.6481318652326375,0.9199135464282742
3,24.27384705556169,0.9740903473396264,1.0101379788322256,0.5813570658441279,2.249234644274876,0.8845513960448944
5,32.87184682042456,0.9529772367614191,0.9794765233742294,0.5690469861713718,1.8569090835915174,0.9172763799617089
7,40.71764065942451,0.9393513114365857,0.9614424503589784,0.5518654383928434,1.7536480410420718,0.9177555362734374
9,43.121438055459684,0.9341937126510828,0.9721960710336018,0.549925773296515,1.6378872610448618,0.8989719757893467
11,49.514356386930466,0.9279087109944382,0.9651624212288368,0.5385675332026867,1.5725566399222504,0.8953284293866762
13,48.5414997586291,0.9320176032437932,0.9597639779028299,0.5412917301144424,1.5922373135712933,0.9102688497367886
15,46.94055384536229,0.9358913532070677,0.9621217379154338,0.5447790994552787,1.5809679125713363,0.9132292905059973