Avg time per img, Total time, width, height, interp img num
0.000178734461466,0.0021448135376,512,512,12
