Avg time per img, Total time, width, height, interp img num
0.000103856430573,0.0152668952942,512,512,147
