Index, MSE, SSIM, MS_SSIM, PSNR, VIFP, UQI
1,552.6333707173666,0.7270451297299965,0.7860031658598775,20.7064325466,0.14855101539737306,0.9655130069073667
3,43.011908213297524,0.879619328722481,0.921257462326066,31.7949165051,0.3279232037178761,0.997660289255489
