Avg time per img, Total time, width, height, interp img num
0.00070595741272,0.00070595741272,640,480,1
