Index, MSE, SSIM, MS_SSIM, PSNR, VIFP, UQI
1,227.14379231770835,0.6768894288915354,0.8298577878885087,24.5677948852,0.24090700156052536,0.9439415482707316
