Index, MSE, SSIM, MS_SSIM, PSNR, VIFP, UQI
1,44.75048068576389,0.926440893860038,0.9789237312248092,31.6228265623,0.5118557422990044,0.9975367458328813
