Index, MSE, SSIM, MS_SSIM, PSNR, VIFP, UQI
1,50.39083767361111,0.9446931615888537,0.9906170511710692,31.1072878294,0.5480468941246192,0.9971353941984492
