Index, MSE, SSIM, MS_SSIM, PSNR, VIFP, UQI
1,83.87285517582262,0.8625734708768751,0.9697627513839946,28.8945893347,0.3496144373042516,0.9919007913178337
