Avg time per img, Total time, width, height, interp img num
0.000294923782349,0.000294923782349,584,388,1
