Index, MSE, SSIM, MS_SSIM, PSNR, VIFP, UQI
1,249.8720597005804,0.9857196305943164,0.9918528668088707,24.1536266415,0.75322398182068,0.977356213730888
