Index, MSE, SSIM, MS_SSIM, PSNR, VIFP, UQI
1,35.93535076260415,0.9464132265115435,0.9869028111119537,32.5755847253,0.5264147618084718,0.9980783042880844
