Index, MSE, SSIM, MS_SSIM, PSNR, VIFP, UQI
1,212.40376085069445,0.8158424097208581,0.9549926980483469,24.8591815871,0.349528398227739,0.9831520901292082
