Index, MSE, SSIM, MS_SSIM, PSNR, VIFP, UQI
1,14.54138422068446,0.9866418168572784,0.9964044538373327,36.504746111,0.7429905259960486,0.998783963095211
