Index, MSE, SSIM, MS_SSIM, PSNR, VIFP, UQI
1,285.4405588107639,0.859209706306023,0.9286772497173832,23.5756467795,0.3199958729408112,0.9830533956382173
