Index, MSE, SSIM, MS_SSIM, PSNR, VIFP, UQI
1,437.5776095920139,0.8136917040702722,0.9350306234171748,21.7202526939,0.4322709113211392,0.9195926779696375
