Index, MSE, SSIM, MS_SSIM, PSNR, VIFP, UQI
1,499.7955247481965,0.9441045168390003,0.9755482428763261,21.142879978,1.0571641988089748,0.9171411003514353
