Index, MSE, SSIM, MS_SSIM, PSNR, VIFP, UQI
1,12.763210233959422,0.987078425674834,0.9965643984632075,37.0712043793,0.7361514109633543,0.9990765394993946
