Avg time per img, Total time, width, height, interp img num
0.000133275985718,0.00106620788574,512,512,8
