Index, MSE, SSIM, MS_SSIM, PSNR, VIFP, UQI
1,137.405927734375,0.8180470769568305,0.9658844267796487,26.7507489214,0.3576276418802686,0.9873551465164966
