Index, MSE, SSIM, MS_SSIM, PSNR, VIFP, UQI
1,6.484659830729167,0.99762475205025,0.9994115871240741,40.0119316187,0.6089770643673135,0.9998129315397924
