Index, MSE, SSIM, MS_SSIM, PSNR, VIFP, UQI
1,186.59469943576389,0.8750891629175657,0.9237033408331067,25.4218105821,0.48273223767044343,0.992095241072889
