Index, MSE, SSIM, MS_SSIM, PSNR, VIFP, UQI
1,39.16261935763889,0.93176895196757,0.9902107541423678,32.2020862936,0.5945572781895084,0.9964768581840314
