Index, MSE, SSIM, MS_SSIM, PSNR, VIFP, UQI
1,25.444128672281902,0.9815887778437583,0.9489378681409432,34.0749277771,0.7027542147524181,0.9954682273737466
