Index, MSE, SSIM, MS_SSIM, PSNR, VIFP, UQI
1,203.57603190104166,0.8190109511720093,0.9582094744229795,25.0435371601,0.34330460490318554,0.9834611273302801
