Index, MSE, SSIM, MS_SSIM, PSNR, VIFP, UQI
1,29.461407335069445,0.9240122661812743,0.9838201820824358,33.4382687215,0.5762458901539509,0.9930124283760077
