Index, MSE, SSIM, MS_SSIM, PSNR, VIFP, UQI
1,525.993671875,0.53506899501187,0.8589753537865729,20.9209984159,0.16499217323490714,0.9510198453875058
