Avg time per img, Total time, width, height, interp img num
0.000475168228149,0.000475168228149,640,480,1
