Index, MSE, SSIM, MS_SSIM, PSNR, VIFP, UQI
1,0.9013493855794271,0.9982905981723998,0.999431102893654,48.5818719384,0.7196764256694083,0.9999200588311877
