Index, MSE, SSIM, MS_SSIM, PSNR, VIFP, UQI
1,1808.499682159287,0.7761526896953966,0.9515181571641076,15.557619241,0.36179817782127227,0.7678227251161238
