Index, MSE, SSIM, MS_SSIM, PSNR, VIFP, UQI
1,39.236014510662336,0.876480629513921,0.966050066022288,32.1939547439,0.40349588151866733,0.9964938188350952
