Index, MSE, SSIM, MS_SSIM, PSNR, VIFP, UQI
1,81.45107204861111,0.889667013211949,0.9816898976584114,29.0218355606,0.4681152519235036,0.9928788048841364
