Index, MSE, SSIM, MS_SSIM, PSNR, VIFP, UQI
1,46.466405164930556,0.9326766521580808,0.9804962543805052,31.4594128592,0.5689676063293654,0.994559243648241
