Index, MSE, SSIM, MS_SSIM, PSNR, VIFP, UQI
1,97.45606228298611,0.9260871015454897,0.973735723844288,28.2427150116,0.46302632434557234,0.994095186597833
