Avg time per img, Total time, width, height, interp img num
0.000257015228271,0.000257015228271,640,480,1
