Index, MSE, SSIM, MS_SSIM, PSNR, VIFP, UQI
1,244.16414605034723,0.8879648528859243,0.9170272482901174,24.2539846996,0.5397718549635914,0.9900263566405664
