Avg time per img, Total time, width, height, interp img num
0.000286102294922,0.000286102294922,640,480,1
