Index, MSE, SSIM, MS_SSIM, PSNR, VIFP, UQI
1,530.9746500651041,0.7035690867347312,0.6804774687876729,20.880065735,0.06762934394981106,0.9656286323392186
3,36.32106145222982,0.8755154870652833,0.909105716103884,32.5292182895,0.2547046447704976,0.9978033676677803
