Index, MSE, SSIM, MS_SSIM, PSNR, VIFP, UQI
1,16.272498587770087,0.980810231771037,0.9953221862304653,36.0162611834,0.6900556818119857,0.9989004526841874
