Index, MSE, SSIM, MS_SSIM, PSNR, VIFP, UQI
1,64.94108940972222,0.9098263559536891,0.9785453135587961,30.0056079107,0.4988517153999334,0.9920042708406479
