Index, MSE, SSIM, MS_SSIM, PSNR, VIFP, UQI
1,64.67141384548611,0.972461706721381,0.9945539064266078,30.0236800528,0.7505703068140361,0.9963397677509541
