Index, MSE, SSIM, MS_SSIM, PSNR, VIFP, UQI
1,94.296591796875,0.9453078910339051,0.9908228542986116,28.3858436474,0.5456244335392508,0.9934927165570655
