Index, MSE, SSIM, MS_SSIM, PSNR, VIFP, UQI
1,78.8157247284879,0.8783759454563267,0.9770378483701768,29.1646748752,0.4202777719920063,0.9936620694094574
