Index, MSE, SSIM, MS_SSIM, PSNR, VIFP, UQI
1,111.09494791666667,0.8718871531734859,0.9635166626091519,27.6738605118,0.39848391082404183,0.9900899797041175
