Index, MSE, SSIM, MS_SSIM, PSNR, VIFP, UQI
1,28.86273125264793,0.9317230946342959,0.9881747570628593,33.5274293529,0.5013450608684304,0.9965240093546678
