Index, MSE, SSIM, MS_SSIM, PSNR, VIFP, UQI
1,420.7875737847222,0.8831674747483493,0.9367332762275771,21.8901745462,0.5783500532854292,0.9772358357442036
