Index, MSE, SSIM, MS_SSIM, PSNR, VIFP, UQI
1,36.996013454861114,0.9299647005095921,0.9820444732246567,32.4492543215,0.5645906570640217,0.9942463015005619
