Index, MSE, SSIM, MS_SSIM, PSNR, VIFP, UQI
1,25.824753550543026,0.9320759155554897,0.9902971596638434,34.0104417519,0.5647994930117551,0.9962683720642546
