Index, MSE, SSIM, MS_SSIM, PSNR, VIFP, UQI
1,387.39510956550396,0.6460052836594821,0.8115677667338078,22.2492622694,0.13477236744136722,0.9812150896246986
