Index, MSE, SSIM, MS_SSIM, PSNR, VIFP, UQI
1,95.08873155381944,0.8543229376197329,0.9596611949075032,28.3495130675,0.3770906580837512,0.9886981958615378
