Avg time per img, Total time, width, height, interp img num
0.000176741915234,0.0417110919952,1318,927,236
