Index, MSE, SSIM, MS_SSIM, PSNR, VIFP, UQI
1,272.8460087719298,0.7215031299289656,0.9034366575383335,23.7716275562,0.21908069111819659,0.9790481541638
