Index, MSE, SSIM, MS_SSIM, PSNR, VIFP, UQI
1,55.78035047743055,0.9713392663119063,0.992861939524816,30.6659912218,0.751965579318525,0.996750043290334
