Index, MSE, SSIM, MS_SSIM, PSNR, VIFP, UQI
1,14.310000647272043,0.9556805797030643,0.991041832656955,36.5744070746,0.5866508654896437,0.9986670343734055
