Index, MSE, SSIM, MS_SSIM, PSNR, VIFP, UQI
1,35.860826822916664,0.891807946711649,0.9679495220485109,32.5846006224,0.5671731105198897,0.9904496366665853
