Index, MSE, SSIM, MS_SSIM, PSNR, VIFP, UQI
1,176.40386539095232,0.8002095852218561,0.9189151396880109,25.6657226363,0.24922494596954622,0.9836688011999627
