Index, MSE, SSIM, MS_SSIM, PSNR, VIFP, UQI
1,153.8805805121528,0.660353498308328,0.8331003793243639,26.2589654486,0.2190215052893871,0.967057146929018
