Index, MSE, SSIM, MS_SSIM, PSNR, VIFP, UQI
1,28.500966796875,0.959152809986672,0.9915202515320447,33.5822076867,0.6141197751147894,0.9981904846294011
