Index, MSE, SSIM, MS_SSIM, PSNR, VIFP, UQI
1,104.71636284722223,0.8977923959339504,0.978179897130506,27.9306581158,0.508523850742474,0.9909943646815069
