Index, MSE, SSIM, MS_SSIM, PSNR, VIFP, UQI
1,130.50238064236112,0.9220132376412679,0.9842426662832398,26.9746192666,0.488516628963864,0.9899188956442382
