Index, MSE, SSIM, MS_SSIM, PSNR, VIFP, UQI
1,716.9557313368056,0.4549611677179814,0.7470153179367222,19.5758802003,0.10626207943869537,0.930864980287612
