Index, MSE, SSIM, MS_SSIM, PSNR, VIFP, UQI
1,181.40867296006945,0.8712839331077289,0.9741435861506585,25.5442231448,0.40756410895129597,0.9843460475553489
