Index, MSE, SSIM, MS_SSIM, PSNR, VIFP, UQI
1,43.548129340277775,0.9388119555659701,0.9871607897525929,31.7411085674,0.4853386977250938,0.9966228863520676
