Index, MSE, SSIM, MS_SSIM, PSNR, VIFP, UQI
1,133.81037109375,0.8613182919213953,0.970145279243469,26.8659058575,0.4101286414592957,0.9886138774746875
