Index, MSE, SSIM, MS_SSIM, PSNR, VIFP, UQI
1,153.6402463107639,0.8430601541695824,0.9177939665458817,26.2657536613,0.37320526804857074,0.9912888707301764
