Index, MSE, SSIM, MS_SSIM, PSNR, VIFP, UQI
1,10.066909722222222,0.972442174267497,0.9925075188626955,38.1018418689,0.7924808890236115,0.9952074544081638
