Index, MSE, SSIM, MS_SSIM, PSNR, VIFP, UQI
1,44.750625,0.926440812935164,0.978923675058473,31.6228125569,0.5118555318093355,0.997536743010424
