Index, MSE, SSIM, MS_SSIM, PSNR, VIFP, UQI
1,41.706685112847225,0.9530340231017264,0.9889631880351335,31.9287468779,0.5197797370818479,0.9970337535398061
