Index, MSE, SSIM, MS_SSIM, PSNR, VIFP, UQI
1,49.50521267361111,0.9244757330509286,0.9824011720834421,31.1842943029,0.5108719258871698,0.9944775020406015
