Avg time per img, Total time, width, height, interp img num
0.000333786010742,0.000333786010742,640,480,1
