Index, MSE, SSIM, MS_SSIM, PSNR, VIFP, UQI
1,230.74965928819444,0.8527459174345443,0.9237746297188647,24.4993929242,0.41778939298147016,0.9797090790768351
