Index, MSE, SSIM, MS_SSIM, PSNR, VIFP, UQI
1,536.1832516988119,0.7249879437462804,0.7757641352202829,20.837671167,0.4404230687839603,0.9658723522799008
3,36.2641855875651,0.8805179901209783,0.9210780714804686,32.5360243224,0.5609880272845709,0.9979240567943727
