Index, MSE, SSIM, MS_SSIM, PSNR, VIFP, UQI
1,19.879933166248957,0.9386290900090186,0.9913830142733249,35.1466544085,0.5941984618653545,0.996364596338689
