Index, MSE, SSIM, MS_SSIM, PSNR, VIFP, UQI
1,73.81353081597223,0.9249361045705959,0.9626372456794998,29.4494438089,0.5968422176353495,0.9967792633081022
