Index, MSE, SSIM, MS_SSIM, PSNR, VIFP, UQI
1,18.15699761284722,0.977246710034775,0.9963232519086688,35.5403632439,0.7313338860949058,0.9983364347625981
