Index, MSE, SSIM, MS_SSIM, PSNR, VIFP, UQI
1,38.78494140625,0.955094519285653,0.9898344560447062,32.2441722119,0.5336501680252647,0.99752140214162
