Index, MSE, SSIM, MS_SSIM, PSNR, VIFP, UQI
1,251.19216028849283,0.9533272470045934,0.9719025884111514,24.1307427993,0.4160565653701558,0.9775714930183014
