Avg time per img, Total time, width, height, interp img num
0.000163096781216,0.0673589706421,1318,927,413
