Index, MSE, SSIM, MS_SSIM, PSNR, VIFP, UQI
1,449.14963831636635,0.9737079364983329,0.9918421708102967,21.6068930657,0.7585173479871675,0.9693159966002316
