Index, MSE, SSIM, MS_SSIM, PSNR, VIFP, UQI
1,3.716484547851057,0.9878974406544766,0.9981552076041078,42.4294802941,0.8325949828013145,0.9994366535407747
