Index, MSE, SSIM, MS_SSIM, PSNR, VIFP, UQI
1,176.14872938368055,0.9037383967224978,0.9775523285583217,25.6720084604,0.4401071280244902,0.9879721381032477
